CREATE TABLE clientes (
  id INT PRIMARY KEY,
  nome VARCHAR(100),
  email VARCHAR(100)
);

CREATE TABLE filmes (
  id INT PRIMARY KEY,
  titulo VARCHAR(100),
  categoria VARCHAR(50),
  preco DECIMAL(10,2)
);

CREATE TABLE locacoes (
  id INT PRIMARY KEY,
  cliente_id INT,
  filme_id INT,
  data_locacao DATE,
  status VARCHAR(20),
  FOREIGN KEY (cliente_id) REFERENCES clientes(id),
  FOREIGN KEY (filme_id) REFERENCES filmes(id)
);

INSERT INTO clientes VALUES (1, 'Lorena Melo', 'fariasluna@ig.com.br');
INSERT INTO clientes VALUES (2, 'Cauê da Costa', 'joaquim88@bol.com.br');
INSERT INTO clientes VALUES (3, 'Sra. Manuela Carvalho', 'sarah75@costa.br');
INSERT INTO clientes VALUES (4, 'Augusto Nascimento', 'tpereira@hotmail.com');
INSERT INTO clientes VALUES (5, 'Sra. Lorena Moura', 'novaesolivia@cunha.com');
INSERT INTO clientes VALUES (6, 'Luiz Otávio Barros', 'qmartins@costela.com');
INSERT INTO clientes VALUES (7, 'Dr. Noah Caldeira', 'valves@hotmail.com');
INSERT INTO clientes VALUES (8, 'Srta. Amanda Ramos', 'da-cunhaeduardo@hotmail.com');
INSERT INTO clientes VALUES (9, 'Sr. Daniel Campos', 'pietra04@moura.com');
INSERT INTO clientes VALUES (10, 'Eduarda da Luz', 'costelathales@bol.com.br');
INSERT INTO clientes VALUES (11, 'Dr. João Felipe Moraes', 'mirellafarias@uol.com.br');
INSERT INTO clientes VALUES (12, 'Emanuelly Ferreira', 'da-cruzvitor@duarte.com');
INSERT INTO clientes VALUES (13, 'Cecília da Cruz', 'gomesryan@hotmail.com');
INSERT INTO clientes VALUES (14, 'Maria Vitória Cardoso', 'nicolepeixoto@uol.com.br');
INSERT INTO clientes VALUES (15, 'Calebe Nascimento', 'gomestheo@uol.com.br');
INSERT INTO clientes VALUES (16, 'João Lucas Nascimento', 'alima@teixeira.br');
INSERT INTO clientes VALUES (17, 'Laís Correia', 'ana-luizasantos@uol.com.br');
INSERT INTO clientes VALUES (18, 'Sr. João Lucas da Conceição', 'fogacasofia@bol.com.br');
INSERT INTO clientes VALUES (19, 'Júlia Moraes', 'da-costarafaela@gomes.com');
INSERT INTO clientes VALUES (20, 'Dra. Camila Novaes', 'otaviocardoso@duarte.net');
INSERT INTO clientes VALUES (21, 'Daniel da Rosa', 'theo59@ig.com.br');
INSERT INTO clientes VALUES (22, 'Davi Luiz Araújo', 'lopesclarice@almeida.br');
INSERT INTO clientes VALUES (23, 'João Miguel das Neves', 'nunesjulia@peixoto.com');
INSERT INTO clientes VALUES (24, 'Eduardo Mendes', 'juliana77@gmail.com');
INSERT INTO clientes VALUES (25, 'Isabella Caldeira', 'azevedogabriel@lopes.org');
INSERT INTO clientes VALUES (26, 'Vitor Hugo Oliveira', 'faraujo@rocha.com');
INSERT INTO clientes VALUES (27, 'Lucca Lima', 'acampos@bol.com.br');
INSERT INTO clientes VALUES (28, 'Ana Vitória Carvalho', 'lda-cruz@bol.com.br');
INSERT INTO clientes VALUES (29, 'Mariana Costela', 'dmoura@moura.br');
INSERT INTO clientes VALUES (30, 'Brenda Caldeira', 'araujolaura@alves.net');
INSERT INTO clientes VALUES (31, 'Maria Sophia Rezende', 'spinto@fogaca.org');
INSERT INTO clientes VALUES (32, 'Thales Almeida', 'guilhermebarros@viana.br');
INSERT INTO clientes VALUES (33, 'Heitor Ramos', 'maitevieira@ig.com.br');
INSERT INTO clientes VALUES (34, 'Henrique Rodrigues', 'pintocalebe@nogueira.br');
INSERT INTO clientes VALUES (35, 'Lívia Martins', 'gabrielarodrigues@da.br');
INSERT INTO clientes VALUES (36, 'Diogo Pinto', 'jsales@mendes.org');
INSERT INTO clientes VALUES (37, 'Carlos Eduardo Monteiro', 'rochaluiza@pereira.net');
INSERT INTO clientes VALUES (38, 'Brenda Barbosa', 'ida-paz@hotmail.com');
INSERT INTO clientes VALUES (39, 'Ana Rocha', 'novaesmelissa@gmail.com');
INSERT INTO clientes VALUES (40, 'André das Neves', 'ana-luiza76@da.net');
INSERT INTO clientes VALUES (41, 'Clarice Melo', 'silveiraana-luiza@uol.com.br');
INSERT INTO clientes VALUES (42, 'Felipe Oliveira', 'santosfernando@yahoo.com.br');
INSERT INTO clientes VALUES (43, 'Dra. Lara Costa', 'kevin57@uol.com.br');
INSERT INTO clientes VALUES (44, 'Luigi Moraes', 'hcarvalho@uol.com.br');
INSERT INTO clientes VALUES (45, 'Lavínia da Conceição', 'aragaoamanda@mendes.com');
INSERT INTO clientes VALUES (46, 'Rebeca Cardoso', 'pedro-lucasmelo@ramos.com');
INSERT INTO clientes VALUES (47, 'Srta. Camila Ferreira', 'stephany82@bol.com.br');
INSERT INTO clientes VALUES (48, 'Cauê Campos', 'levinascimento@hotmail.com');
INSERT INTO clientes VALUES (49, 'Sr. Leandro da Mata', 'beatriz51@costa.br');
INSERT INTO clientes VALUES (50, 'Gabrielly Costa', 'sophiecostela@bol.com.br');

INSERT INTO filmes VALUES (1, 'Velozes e Furiosos', 'Comédia', 5.63);
INSERT INTO filmes VALUES (2, 'O Poderoso Chefão', 'Drama', 11.12);
INSERT INTO filmes VALUES (3, 'Harry Potter', 'Terror', 23.41);
INSERT INTO filmes VALUES (4, 'Toy Story', 'Comédia', 19.76);
INSERT INTO filmes VALUES (5, 'O Exorcista', 'Ação', 5.74);
INSERT INTO filmes VALUES (6, 'Frozen', 'Animação', 10.82);
INSERT INTO filmes VALUES (7, 'Senhor dos Anéis', 'Ação', 19.03);
INSERT INTO filmes VALUES (8, 'Pantera Negra', 'Romance', 10.51);
INSERT INTO filmes VALUES (9, 'Minions', 'Drama', 25.24);
INSERT INTO filmes VALUES (10, 'Titanic', 'Ação', 23.97);
INSERT INTO filmes VALUES (11, 'A Origem', 'Terror', 22.45);
INSERT INTO filmes VALUES (12, 'Jogos Vorazes', 'Suspense', 11.95);
INSERT INTO filmes VALUES (13, 'Coringa', 'Animação', 28.93);
INSERT INTO filmes VALUES (14, 'Duna', 'Suspense', 7.56);
INSERT INTO filmes VALUES (15, 'Elementos', 'Romance', 7.42);
INSERT INTO filmes VALUES (16, 'Matrix', 'Suspense', 20.09);
INSERT INTO filmes VALUES (17, 'Avatar', 'Ação', 23.24);
INSERT INTO filmes VALUES (18, 'Homem-Aranha', 'Comédia', 29.33);
INSERT INTO filmes VALUES (19, 'Carros', 'Romance', 6.97);
INSERT INTO filmes VALUES (20, 'Divertidamente', 'Drama', 25.74);
INSERT INTO filmes VALUES (21, 'Moana', 'Suspense', 19.43);
INSERT INTO filmes VALUES (22, 'Up', 'Comédia', 6.15);
INSERT INTO filmes VALUES (23, 'Star Wars', 'Animação', 24.33);
INSERT INTO filmes VALUES (24, 'Aladdin', 'Comédia', 26.38);
INSERT INTO filmes VALUES (25, 'Shrek', 'Comédia', 14.5);
INSERT INTO filmes VALUES (26, 'Deadpool', 'Ficção', 20.89);
INSERT INTO filmes VALUES (27, 'Capitão América', 'Suspense', 9.07);
INSERT INTO filmes VALUES (28, 'Vingadores', 'Suspense', 10.24);
INSERT INTO filmes VALUES (29, 'Homem de Ferro', 'Drama', 22.55);
INSERT INTO filmes VALUES (30, 'Encanto', 'Comédia', 20.23);

INSERT INTO locacoes VALUES (1, 11, 18, '2025-08-11', 'cancelado');
INSERT INTO locacoes VALUES (2, 16, 6, '2024-12-16', 'entregue');
INSERT INTO locacoes VALUES (3, 25, 9, '2025-02-12', 'cancelado');
INSERT INTO locacoes VALUES (4, 45, 18, '2025-03-05', 'pendente');
INSERT INTO locacoes VALUES (5, 44, 11, '2025-03-13', 'pendente');
INSERT INTO locacoes VALUES (6, 15, 27, '2024-12-18', 'pendente');
INSERT INTO locacoes VALUES (7, 21, 13, '2025-01-17', 'entregue');
INSERT INTO locacoes VALUES (8, 5, 7, '2025-05-07', 'cancelado');
INSERT INTO locacoes VALUES (9, 46, 11, '2025-04-01', 'pendente');
INSERT INTO locacoes VALUES (10, 42, 16, '2025-03-10', 'entregue');
INSERT INTO locacoes VALUES (11, 42, 15, '2025-09-12', 'pendente');
INSERT INTO locacoes VALUES (12, 17, 5, '2024-10-26', 'pendente');
INSERT INTO locacoes VALUES (13, 48, 18, '2024-11-28', 'cancelado');
INSERT INTO locacoes VALUES (14, 17, 24, '2025-07-09', 'cancelado');
INSERT INTO locacoes VALUES (15, 28, 29, '2025-09-08', 'cancelado');
INSERT INTO locacoes VALUES (16, 26, 12, '2025-06-15', 'pendente');
INSERT INTO locacoes VALUES (17, 9, 17, '2025-08-24', 'entregue');
INSERT INTO locacoes VALUES (18, 6, 25, '2025-06-10', 'pendente');
INSERT INTO locacoes VALUES (19, 8, 5, '2024-10-20', 'cancelado');
INSERT INTO locacoes VALUES (20, 11, 26, '2025-04-21', 'cancelado');
INSERT INTO locacoes VALUES (21, 28, 20, '2025-07-19', 'pendente');
INSERT INTO locacoes VALUES (22, 25, 13, '2024-09-25', 'cancelado');
INSERT INTO locacoes VALUES (23, 30, 17, '2025-08-10', 'entregue');
INSERT INTO locacoes VALUES (24, 36, 28, '2024-12-25', 'pendente');
INSERT INTO locacoes VALUES (25, 44, 24, '2025-06-10', 'pendente');
INSERT INTO locacoes VALUES (26, 44, 29, '2024-12-15', 'cancelado');
INSERT INTO locacoes VALUES (27, 49, 9, '2025-03-28', 'cancelado');
INSERT INTO locacoes VALUES (28, 22, 4, '2025-01-20', 'entregue');
INSERT INTO locacoes VALUES (29, 28, 6, '2025-09-15', 'entregue');
INSERT INTO locacoes VALUES (30, 1, 24, '2025-05-25', 'cancelado');
INSERT INTO locacoes VALUES (31, 17, 17, '2025-06-14', 'pendente');
INSERT INTO locacoes VALUES (32, 33, 30, '2024-11-05', 'pendente');
INSERT INTO locacoes VALUES (33, 41, 10, '2025-09-08', 'cancelado');
INSERT INTO locacoes VALUES (34, 33, 20, '2025-04-28', 'pendente');
INSERT INTO locacoes VALUES (35, 10, 12, '2024-10-12', 'pendente');
INSERT INTO locacoes VALUES (36, 35, 25, '2024-10-15', 'cancelado');
INSERT INTO locacoes VALUES (37, 1, 20, '2024-10-30', 'entregue');
INSERT INTO locacoes VALUES (38, 32, 1, '2025-03-12', 'pendente');
INSERT INTO locacoes VALUES (39, 24, 29, '2024-12-20', 'entregue');
INSERT INTO locacoes VALUES (40, 16, 2, '2025-08-14', 'pendente');
INSERT INTO locacoes VALUES (41, 37, 3, '2025-01-03', 'pendente');
INSERT INTO locacoes VALUES (42, 47, 16, '2025-03-29', 'pendente');
INSERT INTO locacoes VALUES (43, 49, 18, '2025-06-03', 'pendente');
INSERT INTO locacoes VALUES (44, 9, 22, '2024-11-18', 'entregue');
INSERT INTO locacoes VALUES (45, 36, 6, '2025-07-18', 'entregue');
INSERT INTO locacoes VALUES (46, 34, 28, '2024-09-27', 'cancelado');
INSERT INTO locacoes VALUES (47, 28, 7, '2025-09-17', 'cancelado');
INSERT INTO locacoes VALUES (48, 49, 24, '2025-05-20', 'cancelado');
INSERT INTO locacoes VALUES (49, 13, 23, '2025-01-14', 'entregue');
INSERT INTO locacoes VALUES (50, 26, 22, '2025-01-07', 'cancelado');
INSERT INTO locacoes VALUES (51, 24, 15, '2025-07-12', 'cancelado');
INSERT INTO locacoes VALUES (52, 29, 4, '2025-04-26', 'pendente');
INSERT INTO locacoes VALUES (53, 15, 3, '2024-12-14', 'entregue');
INSERT INTO locacoes VALUES (54, 2, 19, '2025-02-15', 'cancelado');
INSERT INTO locacoes VALUES (55, 15, 19, '2025-03-01', 'pendente');
INSERT INTO locacoes VALUES (56, 1, 3, '2025-08-21', 'cancelado');
INSERT INTO locacoes VALUES (57, 41, 2, '2025-01-04', 'pendente');
INSERT INTO locacoes VALUES (58, 5, 29, '2025-03-14', 'pendente');
INSERT INTO locacoes VALUES (59, 22, 3, '2025-08-06', 'cancelado');
INSERT INTO locacoes VALUES (60, 16, 9, '2025-02-05', 'cancelado');
INSERT INTO locacoes VALUES (61, 32, 7, '2025-07-26', 'cancelado');
INSERT INTO locacoes VALUES (62, 9, 24, '2025-04-01', 'cancelado');
INSERT INTO locacoes VALUES (63, 37, 16, '2024-12-02', 'pendente');
INSERT INTO locacoes VALUES (64, 31, 26, '2025-09-08', 'entregue');
INSERT INTO locacoes VALUES (65, 13, 4, '2024-12-28', 'pendente');
INSERT INTO locacoes VALUES (66, 43, 14, '2025-03-30', 'entregue');
INSERT INTO locacoes VALUES (67, 28, 14, '2025-02-11', 'entregue');
INSERT INTO locacoes VALUES (68, 47, 2, '2025-02-03', 'cancelado');
INSERT INTO locacoes VALUES (69, 42, 21, '2024-12-24', 'pendente');
INSERT INTO locacoes VALUES (70, 4, 13, '2024-11-09', 'cancelado');
INSERT INTO locacoes VALUES (71, 22, 26, '2025-03-31', 'pendente');
INSERT INTO locacoes VALUES (72, 16, 7, '2025-03-17', 'pendente');
INSERT INTO locacoes VALUES (73, 35, 15, '2025-04-13', 'pendente');
INSERT INTO locacoes VALUES (74, 28, 6, '2025-06-28', 'entregue');
INSERT INTO locacoes VALUES (75, 30, 8, '2024-10-29', 'pendente');
INSERT INTO locacoes VALUES (76, 29, 26, '2024-10-23', 'cancelado');
INSERT INTO locacoes VALUES (77, 7, 2, '2024-10-21', 'cancelado');
INSERT INTO locacoes VALUES (78, 35, 27, '2025-08-10', 'pendente');
INSERT INTO locacoes VALUES (79, 6, 30, '2025-01-26', 'pendente');
INSERT INTO locacoes VALUES (80, 11, 14, '2025-02-03', 'entregue');
INSERT INTO locacoes VALUES (81, 31, 7, '2025-08-02', 'entregue');
INSERT INTO locacoes VALUES (82, 4, 6, '2025-05-25', 'entregue');
INSERT INTO locacoes VALUES (83, 1, 13, '2025-04-28', 'entregue');
INSERT INTO locacoes VALUES (84, 30, 10, '2024-12-14', 'entregue');
INSERT INTO locacoes VALUES (85, 45, 24, '2025-09-04', 'cancelado');
INSERT INTO locacoes VALUES (86, 43, 23, '2025-08-22', 'entregue');
INSERT INTO locacoes VALUES (87, 10, 7, '2025-05-31', 'entregue');
INSERT INTO locacoes VALUES (88, 14, 2, '2024-09-26', 'cancelado');
INSERT INTO locacoes VALUES (89, 48, 18, '2025-01-13', 'pendente');
INSERT INTO locacoes VALUES (90, 48, 11, '2024-11-24', 'pendente');
INSERT INTO locacoes VALUES (91, 4, 19, '2024-11-21', 'entregue');
INSERT INTO locacoes VALUES (92, 33, 30, '2024-12-30', 'cancelado');
INSERT INTO locacoes VALUES (93, 11, 2, '2025-03-23', 'cancelado');
INSERT INTO locacoes VALUES (94, 6, 28, '2025-02-19', 'pendente');
INSERT INTO locacoes VALUES (95, 5, 20, '2025-02-10', 'pendente');
INSERT INTO locacoes VALUES (96, 44, 28, '2025-08-01', 'pendente');
INSERT INTO locacoes VALUES (97, 26, 4, '2025-06-24', 'cancelado');
INSERT INTO locacoes VALUES (98, 16, 19, '2025-08-03', 'cancelado');
INSERT INTO locacoes VALUES (99, 3, 20, '2024-12-16', 'pendente');
INSERT INTO locacoes VALUES (100, 27, 22, '2025-01-09', 'cancelado');
INSERT INTO locacoes VALUES (101, 37, 17, '2025-03-30', 'entregue');
INSERT INTO locacoes VALUES (102, 17, 7, '2025-02-01', 'cancelado');
INSERT INTO locacoes VALUES (103, 46, 11, '2025-07-02', 'pendente');
INSERT INTO locacoes VALUES (104, 17, 13, '2025-07-25', 'pendente');
INSERT INTO locacoes VALUES (105, 43, 21, '2024-10-08', 'entregue');
INSERT INTO locacoes VALUES (106, 30, 11, '2024-11-22', 'pendente');
INSERT INTO locacoes VALUES (107, 1, 15, '2024-12-24', 'cancelado');
INSERT INTO locacoes VALUES (108, 37, 4, '2024-11-26', 'pendente');
INSERT INTO locacoes VALUES (109, 35, 7, '2024-09-23', 'cancelado');
INSERT INTO locacoes VALUES (110, 17, 5, '2025-07-15', 'entregue');
INSERT INTO locacoes VALUES (111, 5, 29, '2025-09-04', 'pendente');
INSERT INTO locacoes VALUES (112, 24, 10, '2025-07-20', 'pendente');
INSERT INTO locacoes VALUES (113, 29, 27, '2025-07-10', 'cancelado');
INSERT INTO locacoes VALUES (114, 46, 10, '2025-07-13', 'cancelado');
INSERT INTO locacoes VALUES (115, 42, 17, '2025-09-10', 'pendente');
INSERT INTO locacoes VALUES (116, 43, 27, '2024-11-17', 'cancelado');
INSERT INTO locacoes VALUES (117, 20, 30, '2025-01-25', 'cancelado');
INSERT INTO locacoes VALUES (118, 7, 29, '2025-05-29', 'pendente');
INSERT INTO locacoes VALUES (119, 17, 4, '2024-11-17', 'pendente');
INSERT INTO locacoes VALUES (120, 48, 18, '2025-07-06', 'pendente');
INSERT INTO locacoes VALUES (121, 18, 10, '2025-03-12', 'cancelado');
INSERT INTO locacoes VALUES (122, 14, 23, '2025-01-10', 'entregue');
INSERT INTO locacoes VALUES (123, 14, 22, '2025-06-20', 'cancelado');
INSERT INTO locacoes VALUES (124, 17, 17, '2024-11-11', 'entregue');
INSERT INTO locacoes VALUES (125, 17, 29, '2024-12-11', 'pendente');
INSERT INTO locacoes VALUES (126, 6, 21, '2025-02-23', 'entregue');
INSERT INTO locacoes VALUES (127, 18, 2, '2025-05-20', 'pendente');
INSERT INTO locacoes VALUES (128, 22, 25, '2024-11-28', 'pendente');
INSERT INTO locacoes VALUES (129, 41, 9, '2025-08-21', 'pendente');
INSERT INTO locacoes VALUES (130, 48, 15, '2025-05-05', 'cancelado');
INSERT INTO locacoes VALUES (131, 46, 14, '2024-12-25', 'cancelado');
INSERT INTO locacoes VALUES (132, 1, 4, '2025-07-25', 'pendente');
INSERT INTO locacoes VALUES (133, 45, 29, '2025-05-27', 'pendente');
INSERT INTO locacoes VALUES (134, 35, 2, '2024-10-03', 'entregue');
INSERT INTO locacoes VALUES (135, 38, 18, '2024-11-16', 'pendente');
INSERT INTO locacoes VALUES (136, 28, 5, '2025-03-10', 'pendente');
INSERT INTO locacoes VALUES (137, 20, 12, '2024-11-25', 'pendente');
INSERT INTO locacoes VALUES (138, 23, 7, '2025-06-22', 'cancelado');
INSERT INTO locacoes VALUES (139, 16, 22, '2025-03-26', 'pendente');
INSERT INTO locacoes VALUES (140, 23, 25, '2025-03-05', 'cancelado');
INSERT INTO locacoes VALUES (141, 27, 20, '2025-07-23', 'cancelado');
INSERT INTO locacoes VALUES (142, 10, 30, '2025-06-08', 'pendente');
INSERT INTO locacoes VALUES (143, 11, 26, '2025-08-12', 'pendente');
INSERT INTO locacoes VALUES (144, 27, 1, '2025-08-08', 'pendente');
INSERT INTO locacoes VALUES (145, 48, 30, '2024-09-24', 'entregue');
INSERT INTO locacoes VALUES (146, 27, 26, '2025-02-15', 'cancelado');
INSERT INTO locacoes VALUES (147, 48, 26, '2024-12-22', 'pendente');
INSERT INTO locacoes VALUES (148, 18, 6, '2025-05-20', 'cancelado');
INSERT INTO locacoes VALUES (149, 7, 13, '2025-06-09', 'pendente');
INSERT INTO locacoes VALUES (150, 31, 8, '2025-06-11', 'pendente');
INSERT INTO locacoes VALUES (151, 30, 12, '2024-12-20', 'entregue');
INSERT INTO locacoes VALUES (152, 15, 8, '2024-10-03', 'pendente');
INSERT INTO locacoes VALUES (153, 43, 7, '2024-11-12', 'entregue');
INSERT INTO locacoes VALUES (154, 22, 9, '2025-08-10', 'pendente');
INSERT INTO locacoes VALUES (155, 50, 9, '2025-04-02', 'entregue');
INSERT INTO locacoes VALUES (156, 42, 17, '2025-02-07', 'entregue');
INSERT INTO locacoes VALUES (157, 44, 27, '2025-01-28', 'cancelado');
INSERT INTO locacoes VALUES (158, 22, 1, '2025-06-11', 'pendente');
INSERT INTO locacoes VALUES (159, 17, 6, '2025-09-11', 'cancelado');
INSERT INTO locacoes VALUES (160, 17, 2, '2025-08-02', 'pendente');
INSERT INTO locacoes VALUES (161, 39, 14, '2025-02-20', 'entregue');
INSERT INTO locacoes VALUES (162, 47, 26, '2025-07-18', 'entregue');
INSERT INTO locacoes VALUES (163, 28, 20, '2025-04-17', 'cancelado');
INSERT INTO locacoes VALUES (164, 8, 13, '2025-06-13', 'cancelado');
INSERT INTO locacoes VALUES (165, 13, 9, '2025-08-17', 'pendente');
INSERT INTO locacoes VALUES (166, 46, 14, '2024-10-10', 'pendente');
INSERT INTO locacoes VALUES (167, 34, 30, '2025-07-01', 'cancelado');
INSERT INTO locacoes VALUES (168, 44, 24, '2025-05-02', 'cancelado');
INSERT INTO locacoes VALUES (169, 48, 22, '2025-07-16', 'pendente');
INSERT INTO locacoes VALUES (170, 24, 14, '2025-07-14', 'pendente');
INSERT INTO locacoes VALUES (171, 43, 30, '2025-06-13', 'entregue');
INSERT INTO locacoes VALUES (172, 40, 11, '2024-10-26', 'cancelado');
INSERT INTO locacoes VALUES (173, 8, 24, '2025-07-01', 'entregue');
INSERT INTO locacoes VALUES (174, 33, 10, '2024-10-18', 'cancelado');
INSERT INTO locacoes VALUES (175, 27, 11, '2025-09-07', 'entregue');
INSERT INTO locacoes VALUES (176, 45, 10, '2024-10-02', 'cancelado');
INSERT INTO locacoes VALUES (177, 9, 7, '2025-04-23', 'entregue');
INSERT INTO locacoes VALUES (178, 43, 13, '2025-02-27', 'cancelado');
INSERT INTO locacoes VALUES (179, 48, 29, '2025-06-27', 'pendente');
INSERT INTO locacoes VALUES (180, 40, 19, '2024-10-22', 'entregue');
INSERT INTO locacoes VALUES (181, 26, 18, '2024-09-24', 'pendente');
INSERT INTO locacoes VALUES (182, 20, 10, '2024-10-27', 'pendente');
INSERT INTO locacoes VALUES (183, 28, 26, '2024-12-03', 'cancelado');
INSERT INTO locacoes VALUES (184, 39, 21, '2024-11-16', 'entregue');
INSERT INTO locacoes VALUES (185, 30, 15, '2025-06-27', 'entregue');
INSERT INTO locacoes VALUES (186, 44, 7, '2024-12-26', 'cancelado');
INSERT INTO locacoes VALUES (187, 31, 26, '2025-07-25', 'cancelado');
INSERT INTO locacoes VALUES (188, 11, 22, '2025-07-30', 'pendente');
INSERT INTO locacoes VALUES (189, 19, 17, '2024-09-26', 'cancelado');
INSERT INTO locacoes VALUES (190, 41, 20, '2024-10-12', 'entregue');
INSERT INTO locacoes VALUES (191, 6, 27, '2025-09-12', 'pendente');
INSERT INTO locacoes VALUES (192, 44, 10, '2025-02-17', 'pendente');
INSERT INTO locacoes VALUES (193, 13, 5, '2024-10-26', 'pendente');
INSERT INTO locacoes VALUES (194, 3, 8, '2024-10-30', 'entregue');
INSERT INTO locacoes VALUES (195, 40, 28, '2025-09-18', 'pendente');
INSERT INTO locacoes VALUES (196, 30, 14, '2024-12-22', 'cancelado');
INSERT INTO locacoes VALUES (197, 37, 7, '2024-12-19', 'cancelado');
INSERT INTO locacoes VALUES (198, 45, 13, '2024-12-12', 'entregue');
INSERT INTO locacoes VALUES (199, 26, 8, '2025-01-10', 'pendente');
INSERT INTO locacoes VALUES (200, 42, 23, '2025-04-27', 'pendente');
INSERT INTO locacoes VALUES (201, 49, 28, '2025-04-11', 'pendente');
INSERT INTO locacoes VALUES (202, 50, 14, '2024-11-17', 'pendente');
INSERT INTO locacoes VALUES (203, 12, 26, '2024-12-29', 'cancelado');
INSERT INTO locacoes VALUES (204, 34, 15, '2025-09-20', 'pendente');
INSERT INTO locacoes VALUES (205, 36, 8, '2025-07-13', 'pendente');
INSERT INTO locacoes VALUES (206, 30, 5, '2025-08-02', 'entregue');
INSERT INTO locacoes VALUES (207, 43, 17, '2024-11-07', 'cancelado');
INSERT INTO locacoes VALUES (208, 39, 11, '2025-01-03', 'entregue');
INSERT INTO locacoes VALUES (209, 40, 27, '2025-09-19', 'cancelado');
INSERT INTO locacoes VALUES (210, 33, 14, '2025-04-10', 'cancelado');
INSERT INTO locacoes VALUES (211, 29, 29, '2024-10-21', 'pendente');
INSERT INTO locacoes VALUES (212, 48, 28, '2024-11-10', 'entregue');
INSERT INTO locacoes VALUES (213, 29, 9, '2025-08-17', 'pendente');
INSERT INTO locacoes VALUES (214, 41, 9, '2025-08-22', 'cancelado');
INSERT INTO locacoes VALUES (215, 32, 21, '2025-04-17', 'pendente');
INSERT INTO locacoes VALUES (216, 18, 15, '2025-07-30', 'pendente');
INSERT INTO locacoes VALUES (217, 46, 10, '2024-12-17', 'pendente');
INSERT INTO locacoes VALUES (218, 18, 11, '2024-10-12', 'entregue');
INSERT INTO locacoes VALUES (219, 35, 3, '2025-06-12', 'pendente');
INSERT INTO locacoes VALUES (220, 10, 8, '2024-10-20', 'entregue');
INSERT INTO locacoes VALUES (221, 45, 5, '2025-07-22', 'cancelado');
INSERT INTO locacoes VALUES (222, 14, 3, '2025-05-28', 'entregue');
INSERT INTO locacoes VALUES (223, 27, 11, '2024-11-21', 'cancelado');
INSERT INTO locacoes VALUES (224, 30, 14, '2025-03-16', 'pendente');
INSERT INTO locacoes VALUES (225, 14, 27, '2025-05-29', 'entregue');
INSERT INTO locacoes VALUES (226, 25, 29, '2025-03-05', 'cancelado');
INSERT INTO locacoes VALUES (227, 45, 1, '2025-05-21', 'cancelado');
INSERT INTO locacoes VALUES (228, 25, 16, '2024-09-30', 'pendente');
INSERT INTO locacoes VALUES (229, 23, 10, '2025-06-23', 'entregue');
INSERT INTO locacoes VALUES (230, 27, 18, '2025-07-10', 'cancelado');
INSERT INTO locacoes VALUES (231, 48, 18, '2025-06-17', 'cancelado');
INSERT INTO locacoes VALUES (232, 15, 16, '2025-08-04', 'pendente');
INSERT INTO locacoes VALUES (233, 18, 14, '2025-06-11', 'entregue');
INSERT INTO locacoes VALUES (234, 2, 13, '2025-06-07', 'entregue');
INSERT INTO locacoes VALUES (235, 43, 22, '2025-08-02', 'entregue');
INSERT INTO locacoes VALUES (236, 47, 6, '2024-10-24', 'entregue');
INSERT INTO locacoes VALUES (237, 9, 20, '2025-04-04', 'cancelado');
INSERT INTO locacoes VALUES (238, 2, 30, '2025-07-29', 'entregue');
INSERT INTO locacoes VALUES (239, 38, 19, '2025-08-02', 'cancelado');
INSERT INTO locacoes VALUES (240, 2, 3, '2025-02-16', 'cancelado');
INSERT INTO locacoes VALUES (241, 28, 5, '2025-04-12', 'entregue');
INSERT INTO locacoes VALUES (242, 12, 2, '2025-02-14', 'entregue');
INSERT INTO locacoes VALUES (243, 25, 11, '2024-11-25', 'pendente');
INSERT INTO locacoes VALUES (244, 30, 11, '2025-01-16', 'entregue');
INSERT INTO locacoes VALUES (245, 49, 29, '2024-12-29', 'entregue');
INSERT INTO locacoes VALUES (246, 18, 25, '2025-02-19', 'entregue');
INSERT INTO locacoes VALUES (247, 17, 27, '2024-10-24', 'pendente');
INSERT INTO locacoes VALUES (248, 31, 1, '2025-05-01', 'cancelado');
INSERT INTO locacoes VALUES (249, 35, 2, '2025-04-30', 'entregue');
INSERT INTO locacoes VALUES (250, 15, 21, '2025-01-08', 'pendente');
INSERT INTO locacoes VALUES (251, 50, 21, '2025-08-07', 'pendente');
INSERT INTO locacoes VALUES (252, 49, 1, '2025-09-07', 'pendente');
INSERT INTO locacoes VALUES (253, 13, 27, '2025-02-04', 'pendente');
INSERT INTO locacoes VALUES (254, 40, 5, '2025-05-18', 'pendente');
INSERT INTO locacoes VALUES (255, 9, 16, '2025-09-12', 'cancelado');
INSERT INTO locacoes VALUES (256, 8, 19, '2025-08-22', 'pendente');
INSERT INTO locacoes VALUES (257, 30, 23, '2025-05-20', 'entregue');
INSERT INTO locacoes VALUES (258, 50, 12, '2025-07-29', 'pendente');
INSERT INTO locacoes VALUES (259, 39, 20, '2025-01-28', 'cancelado');
INSERT INTO locacoes VALUES (260, 46, 4, '2025-06-20', 'pendente');
INSERT INTO locacoes VALUES (261, 20, 4, '2025-06-23', 'cancelado');
INSERT INTO locacoes VALUES (262, 2, 30, '2024-11-17', 'entregue');
INSERT INTO locacoes VALUES (263, 37, 22, '2024-12-06', 'entregue');
INSERT INTO locacoes VALUES (264, 26, 23, '2025-06-01', 'pendente');
INSERT INTO locacoes VALUES (265, 5, 19, '2024-11-02', 'cancelado');
INSERT INTO locacoes VALUES (266, 41, 8, '2024-11-28', 'pendente');
INSERT INTO locacoes VALUES (267, 45, 25, '2025-02-17', 'entregue');
INSERT INTO locacoes VALUES (268, 44, 20, '2025-02-16', 'pendente');
INSERT INTO locacoes VALUES (269, 37, 26, '2025-01-05', 'pendente');
INSERT INTO locacoes VALUES (270, 23, 18, '2024-10-29', 'entregue');
INSERT INTO locacoes VALUES (271, 43, 12, '2025-07-18', 'pendente');
INSERT INTO locacoes VALUES (272, 33, 21, '2024-12-07', 'entregue');
INSERT INTO locacoes VALUES (273, 1, 28, '2025-02-07', 'entregue');
INSERT INTO locacoes VALUES (274, 32, 4, '2024-10-16', 'entregue');
INSERT INTO locacoes VALUES (275, 24, 21, '2025-01-04', 'entregue');
INSERT INTO locacoes VALUES (276, 46, 5, '2025-09-13', 'entregue');
INSERT INTO locacoes VALUES (277, 12, 24, '2025-08-27', 'cancelado');
INSERT INTO locacoes VALUES (278, 42, 9, '2025-09-20', 'cancelado');
INSERT INTO locacoes VALUES (279, 35, 25, '2025-02-16', 'entregue');
INSERT INTO locacoes VALUES (280, 30, 14, '2024-11-08', 'cancelado');
INSERT INTO locacoes VALUES (281, 38, 9, '2024-11-01', 'entregue');
INSERT INTO locacoes VALUES (282, 16, 27, '2025-09-17', 'pendente');
INSERT INTO locacoes VALUES (283, 18, 29, '2024-11-02', 'entregue');
INSERT INTO locacoes VALUES (284, 16, 25, '2025-01-03', 'entregue');
INSERT INTO locacoes VALUES (285, 37, 20, '2025-04-12', 'cancelado');
INSERT INTO locacoes VALUES (286, 25, 11, '2025-07-17', 'pendente');
INSERT INTO locacoes VALUES (287, 32, 28, '2025-05-23', 'entregue');
INSERT INTO locacoes VALUES (288, 12, 16, '2025-08-06', 'pendente');
INSERT INTO locacoes VALUES (289, 23, 26, '2025-07-25', 'entregue');
INSERT INTO locacoes VALUES (290, 22, 9, '2024-11-08', 'cancelado');
INSERT INTO locacoes VALUES (291, 45, 29, '2025-06-09', 'entregue');
INSERT INTO locacoes VALUES (292, 36, 1, '2025-07-21', 'cancelado');
INSERT INTO locacoes VALUES (293, 13, 3, '2025-04-01', 'pendente');
INSERT INTO locacoes VALUES (294, 47, 14, '2024-11-28', 'entregue');
INSERT INTO locacoes VALUES (295, 36, 25, '2025-05-19', 'pendente');
INSERT INTO locacoes VALUES (296, 45, 16, '2025-06-07', 'cancelado');
INSERT INTO locacoes VALUES (297, 46, 16, '2025-09-12', 'entregue');
INSERT INTO locacoes VALUES (298, 2, 3, '2025-03-13', 'entregue');
INSERT INTO locacoes VALUES (299, 15, 13, '2024-10-09', 'cancelado');
INSERT INTO locacoes VALUES (300, 16, 10, '2025-09-19', 'cancelado');
INSERT INTO locacoes VALUES (301, 38, 12, '2025-04-30', 'entregue');
INSERT INTO locacoes VALUES (302, 36, 17, '2024-11-20', 'entregue');
INSERT INTO locacoes VALUES (303, 28, 24, '2025-03-16', 'cancelado');
INSERT INTO locacoes VALUES (304, 22, 12, '2025-07-29', 'cancelado');
INSERT INTO locacoes VALUES (305, 30, 9, '2025-03-25', 'entregue');
INSERT INTO locacoes VALUES (306, 17, 8, '2024-10-13', 'pendente');
INSERT INTO locacoes VALUES (307, 47, 7, '2024-10-22', 'entregue');
INSERT INTO locacoes VALUES (308, 8, 24, '2025-02-09', 'cancelado');
INSERT INTO locacoes VALUES (309, 49, 23, '2024-12-09', 'pendente');
INSERT INTO locacoes VALUES (310, 13, 7, '2025-07-17', 'cancelado');
INSERT INTO locacoes VALUES (311, 31, 9, '2025-05-09', 'cancelado');
INSERT INTO locacoes VALUES (312, 38, 25, '2025-02-01', 'cancelado');
INSERT INTO locacoes VALUES (313, 39, 10, '2025-04-10', 'pendente');
INSERT INTO locacoes VALUES (314, 13, 10, '2024-11-22', 'pendente');
INSERT INTO locacoes VALUES (315, 24, 6, '2024-11-25', 'entregue');
INSERT INTO locacoes VALUES (316, 1, 23, '2025-01-07', 'cancelado');
INSERT INTO locacoes VALUES (317, 9, 9, '2024-12-22', 'pendente');
INSERT INTO locacoes VALUES (318, 4, 18, '2025-01-06', 'entregue');
INSERT INTO locacoes VALUES (319, 45, 5, '2025-04-30', 'cancelado');
INSERT INTO locacoes VALUES (320, 49, 16, '2025-01-09', 'pendente');
INSERT INTO locacoes VALUES (321, 1, 19, '2024-10-25', 'entregue');
INSERT INTO locacoes VALUES (322, 31, 16, '2025-07-09', 'entregue');
INSERT INTO locacoes VALUES (323, 22, 6, '2024-11-03', 'pendente');
INSERT INTO locacoes VALUES (324, 17, 28, '2024-11-19', 'entregue');
INSERT INTO locacoes VALUES (325, 8, 27, '2025-02-27', 'pendente');
INSERT INTO locacoes VALUES (326, 26, 16, '2024-12-20', 'pendente');
INSERT INTO locacoes VALUES (327, 37, 21, '2024-11-26', 'cancelado');
INSERT INTO locacoes VALUES (328, 4, 5, '2024-12-26', 'pendente');
INSERT INTO locacoes VALUES (329, 37, 10, '2025-03-09', 'pendente');
INSERT INTO locacoes VALUES (330, 16, 4, '2025-09-18', 'cancelado');
INSERT INTO locacoes VALUES (331, 49, 14, '2025-07-09', 'cancelado');
INSERT INTO locacoes VALUES (332, 39, 26, '2024-10-16', 'cancelado');
INSERT INTO locacoes VALUES (333, 15, 25, '2024-09-23', 'cancelado');
INSERT INTO locacoes VALUES (334, 25, 15, '2024-10-23', 'entregue');
INSERT INTO locacoes VALUES (335, 20, 28, '2024-12-24', 'cancelado');
INSERT INTO locacoes VALUES (336, 28, 10, '2025-04-12', 'cancelado');
INSERT INTO locacoes VALUES (337, 40, 2, '2024-10-18', 'cancelado');
INSERT INTO locacoes VALUES (338, 48, 4, '2025-01-07', 'pendente');
INSERT INTO locacoes VALUES (339, 41, 7, '2024-12-19', 'entregue');
INSERT INTO locacoes VALUES (340, 43, 3, '2025-06-07', 'pendente');
INSERT INTO locacoes VALUES (341, 16, 6, '2024-10-21', 'cancelado');
INSERT INTO locacoes VALUES (342, 5, 6, '2025-08-10', 'pendente');
INSERT INTO locacoes VALUES (343, 27, 15, '2024-12-24', 'cancelado');
INSERT INTO locacoes VALUES (344, 39, 16, '2024-09-28', 'entregue');
INSERT INTO locacoes VALUES (345, 3, 8, '2025-07-28', 'entregue');
INSERT INTO locacoes VALUES (346, 46, 10, '2025-08-18', 'cancelado');
INSERT INTO locacoes VALUES (347, 30, 3, '2025-03-14', 'cancelado');
INSERT INTO locacoes VALUES (348, 15, 30, '2025-06-12', 'entregue');
INSERT INTO locacoes VALUES (349, 41, 19, '2025-02-11', 'cancelado');
INSERT INTO locacoes VALUES (350, 13, 14, '2025-01-20', 'pendente');
INSERT INTO locacoes VALUES (351, 35, 8, '2025-05-24', 'cancelado');
INSERT INTO locacoes VALUES (352, 10, 30, '2025-05-19', 'entregue');
INSERT INTO locacoes VALUES (353, 10, 3, '2024-12-16', 'pendente');
INSERT INTO locacoes VALUES (354, 11, 26, '2025-06-12', 'entregue');
INSERT INTO locacoes VALUES (355, 39, 24, '2025-05-31', 'cancelado');
INSERT INTO locacoes VALUES (356, 19, 15, '2025-08-25', 'pendente');
INSERT INTO locacoes VALUES (357, 30, 23, '2025-05-24', 'entregue');
INSERT INTO locacoes VALUES (358, 45, 13, '2025-07-05', 'entregue');
INSERT INTO locacoes VALUES (359, 33, 18, '2025-03-24', 'entregue');
INSERT INTO locacoes VALUES (360, 29, 3, '2024-12-21', 'cancelado');
INSERT INTO locacoes VALUES (361, 3, 29, '2025-09-06', 'entregue');
INSERT INTO locacoes VALUES (362, 48, 11, '2025-09-02', 'cancelado');
INSERT INTO locacoes VALUES (363, 17, 1, '2025-08-04', 'pendente');
INSERT INTO locacoes VALUES (364, 15, 22, '2025-01-05', 'cancelado');
INSERT INTO locacoes VALUES (365, 38, 1, '2025-05-12', 'cancelado');
INSERT INTO locacoes VALUES (366, 18, 19, '2025-03-11', 'pendente');
INSERT INTO locacoes VALUES (367, 49, 25, '2025-03-04', 'pendente');
INSERT INTO locacoes VALUES (368, 31, 17, '2024-10-11', 'cancelado');
INSERT INTO locacoes VALUES (369, 29, 30, '2024-11-10', 'entregue');
INSERT INTO locacoes VALUES (370, 12, 19, '2025-02-20', 'entregue');
INSERT INTO locacoes VALUES (371, 41, 27, '2024-10-13', 'entregue');
INSERT INTO locacoes VALUES (372, 6, 16, '2025-03-01', 'entregue');
INSERT INTO locacoes VALUES (373, 27, 11, '2025-09-11', 'entregue');
INSERT INTO locacoes VALUES (374, 43, 4, '2025-01-04', 'pendente');
INSERT INTO locacoes VALUES (375, 22, 14, '2025-02-10', 'cancelado');
INSERT INTO locacoes VALUES (376, 32, 10, '2025-02-10', 'cancelado');
INSERT INTO locacoes VALUES (377, 26, 27, '2025-04-15', 'cancelado');
INSERT INTO locacoes VALUES (378, 3, 15, '2025-02-27', 'pendente');
INSERT INTO locacoes VALUES (379, 21, 9, '2024-10-02', 'entregue');
INSERT INTO locacoes VALUES (380, 8, 25, '2025-01-29', 'entregue');
INSERT INTO locacoes VALUES (381, 33, 27, '2025-05-29', 'pendente');
INSERT INTO locacoes VALUES (382, 43, 28, '2025-05-14', 'cancelado');
INSERT INTO locacoes VALUES (383, 30, 14, '2024-10-11', 'pendente');
INSERT INTO locacoes VALUES (384, 13, 17, '2024-09-22', 'entregue');
INSERT INTO locacoes VALUES (385, 40, 25, '2025-05-12', 'entregue');
INSERT INTO locacoes VALUES (386, 41, 15, '2025-04-09', 'pendente');
INSERT INTO locacoes VALUES (387, 14, 9, '2025-02-25', 'cancelado');
INSERT INTO locacoes VALUES (388, 9, 30, '2025-07-11', 'entregue');
INSERT INTO locacoes VALUES (389, 29, 29, '2025-01-16', 'cancelado');
INSERT INTO locacoes VALUES (390, 32, 4, '2025-02-01', 'pendente');
INSERT INTO locacoes VALUES (391, 41, 20, '2024-11-04', 'pendente');
INSERT INTO locacoes VALUES (392, 46, 6, '2025-01-20', 'entregue');
INSERT INTO locacoes VALUES (393, 36, 1, '2025-09-02', 'cancelado');
INSERT INTO locacoes VALUES (394, 27, 3, '2025-01-26', 'pendente');
INSERT INTO locacoes VALUES (395, 8, 15, '2024-09-28', 'pendente');
INSERT INTO locacoes VALUES (396, 42, 27, '2025-08-11', 'pendente');
INSERT INTO locacoes VALUES (397, 32, 30, '2025-04-17', 'cancelado');
INSERT INTO locacoes VALUES (398, 19, 17, '2025-07-10', 'cancelado');
INSERT INTO locacoes VALUES (399, 18, 14, '2025-08-01', 'entregue');
INSERT INTO locacoes VALUES (400, 31, 8, '2024-10-22', 'entregue');
INSERT INTO locacoes VALUES (401, 36, 5, '2025-04-26', 'entregue');
INSERT INTO locacoes VALUES (402, 13, 30, '2024-11-26', 'cancelado');
INSERT INTO locacoes VALUES (403, 33, 24, '2025-04-10', 'pendente');
INSERT INTO locacoes VALUES (404, 5, 9, '2025-05-30', 'entregue');
INSERT INTO locacoes VALUES (405, 22, 30, '2024-11-07', 'cancelado');
INSERT INTO locacoes VALUES (406, 18, 27, '2025-07-16', 'pendente');
INSERT INTO locacoes VALUES (407, 19, 24, '2024-11-22', 'entregue');
INSERT INTO locacoes VALUES (408, 38, 19, '2024-10-10', 'cancelado');
INSERT INTO locacoes VALUES (409, 32, 28, '2025-03-31', 'pendente');
INSERT INTO locacoes VALUES (410, 29, 18, '2024-11-11', 'entregue');
INSERT INTO locacoes VALUES (411, 23, 11, '2025-06-25', 'cancelado');
INSERT INTO locacoes VALUES (412, 49, 18, '2024-12-10', 'entregue');
INSERT INTO locacoes VALUES (413, 30, 30, '2024-12-20', 'entregue');
INSERT INTO locacoes VALUES (414, 13, 23, '2025-07-02', 'pendente');
INSERT INTO locacoes VALUES (415, 37, 13, '2025-06-01', 'pendente');
INSERT INTO locacoes VALUES (416, 50, 14, '2025-03-16', 'pendente');
INSERT INTO locacoes VALUES (417, 21, 24, '2025-08-12', 'entregue');
INSERT INTO locacoes VALUES (418, 46, 30, '2025-07-07', 'entregue');
INSERT INTO locacoes VALUES (419, 25, 22, '2025-02-14', 'cancelado');
INSERT INTO locacoes VALUES (420, 10, 16, '2025-09-13', 'pendente');
INSERT INTO locacoes VALUES (421, 9, 17, '2025-01-29', 'cancelado');
INSERT INTO locacoes VALUES (422, 22, 28, '2024-11-18', 'pendente');
INSERT INTO locacoes VALUES (423, 29, 4, '2024-12-21', 'cancelado');
INSERT INTO locacoes VALUES (424, 30, 1, '2025-08-22', 'cancelado');
INSERT INTO locacoes VALUES (425, 10, 14, '2024-11-28', 'cancelado');
INSERT INTO locacoes VALUES (426, 10, 3, '2024-10-30', 'entregue');
INSERT INTO locacoes VALUES (427, 17, 11, '2024-12-17', 'cancelado');
INSERT INTO locacoes VALUES (428, 45, 13, '2024-10-20', 'cancelado');
INSERT INTO locacoes VALUES (429, 6, 28, '2025-02-22', 'entregue');
INSERT INTO locacoes VALUES (430, 44, 28, '2025-07-18', 'cancelado');
INSERT INTO locacoes VALUES (431, 25, 11, '2025-06-15', 'cancelado');
INSERT INTO locacoes VALUES (432, 46, 29, '2025-08-05', 'entregue');
INSERT INTO locacoes VALUES (433, 35, 2, '2025-04-08', 'cancelado');
INSERT INTO locacoes VALUES (434, 5, 8, '2024-09-23', 'cancelado');
INSERT INTO locacoes VALUES (435, 44, 30, '2025-02-11', 'entregue');
INSERT INTO locacoes VALUES (436, 15, 24, '2025-07-31', 'pendente');
INSERT INTO locacoes VALUES (437, 28, 4, '2025-05-09', 'cancelado');
INSERT INTO locacoes VALUES (438, 46, 28, '2025-04-24', 'pendente');
INSERT INTO locacoes VALUES (439, 29, 6, '2024-10-17', 'cancelado');
INSERT INTO locacoes VALUES (440, 20, 29, '2025-02-17', 'pendente');
INSERT INTO locacoes VALUES (441, 3, 11, '2025-02-07', 'pendente');
INSERT INTO locacoes VALUES (442, 19, 12, '2025-05-20', 'entregue');
INSERT INTO locacoes VALUES (443, 28, 5, '2024-10-13', 'pendente');
INSERT INTO locacoes VALUES (444, 34, 14, '2025-01-22', 'cancelado');
INSERT INTO locacoes VALUES (445, 44, 26, '2025-03-25', 'pendente');
INSERT INTO locacoes VALUES (446, 11, 6, '2024-10-27', 'pendente');
INSERT INTO locacoes VALUES (447, 40, 28, '2025-05-03', 'entregue');
INSERT INTO locacoes VALUES (448, 40, 22, '2025-02-11', 'pendente');
INSERT INTO locacoes VALUES (449, 32, 30, '2025-04-25', 'cancelado');
INSERT INTO locacoes VALUES (450, 10, 8, '2025-04-28', 'entregue');
INSERT INTO locacoes VALUES (451, 41, 9, '2025-09-14', 'entregue');
INSERT INTO locacoes VALUES (452, 17, 22, '2025-03-10', 'pendente');
INSERT INTO locacoes VALUES (453, 30, 29, '2025-01-13', 'entregue');
INSERT INTO locacoes VALUES (454, 44, 18, '2025-08-25', 'pendente');
INSERT INTO locacoes VALUES (455, 5, 15, '2024-10-29', 'entregue');
INSERT INTO locacoes VALUES (456, 38, 10, '2025-02-11', 'cancelado');
INSERT INTO locacoes VALUES (457, 28, 23, '2024-10-06', 'entregue');
INSERT INTO locacoes VALUES (458, 30, 28, '2024-12-14', 'entregue');
INSERT INTO locacoes VALUES (459, 13, 13, '2025-05-29', 'entregue');
INSERT INTO locacoes VALUES (460, 7, 8, '2025-01-05', 'entregue');
INSERT INTO locacoes VALUES (461, 37, 12, '2025-01-21', 'cancelado');
INSERT INTO locacoes VALUES (462, 19, 23, '2025-02-18', 'entregue');
INSERT INTO locacoes VALUES (463, 2, 27, '2025-08-15', 'cancelado');
INSERT INTO locacoes VALUES (464, 26, 9, '2024-11-21', 'pendente');
INSERT INTO locacoes VALUES (465, 37, 28, '2025-02-22', 'cancelado');
INSERT INTO locacoes VALUES (466, 50, 24, '2025-05-19', 'pendente');
INSERT INTO locacoes VALUES (467, 39, 24, '2025-06-15', 'entregue');
INSERT INTO locacoes VALUES (468, 19, 25, '2025-01-03', 'pendente');
INSERT INTO locacoes VALUES (469, 39, 26, '2025-05-01', 'entregue');
INSERT INTO locacoes VALUES (470, 15, 21, '2024-10-22', 'pendente');
INSERT INTO locacoes VALUES (471, 40, 9, '2025-02-28', 'cancelado');
INSERT INTO locacoes VALUES (472, 49, 24, '2025-05-18', 'cancelado');
INSERT INTO locacoes VALUES (473, 44, 27, '2025-04-05', 'pendente');
INSERT INTO locacoes VALUES (474, 41, 4, '2025-01-11', 'cancelado');
INSERT INTO locacoes VALUES (475, 42, 2, '2025-04-22', 'entregue');
INSERT INTO locacoes VALUES (476, 29, 2, '2024-09-29', 'cancelado');
INSERT INTO locacoes VALUES (477, 24, 24, '2025-01-06', 'pendente');
INSERT INTO locacoes VALUES (478, 6, 30, '2025-08-21', 'entregue');
INSERT INTO locacoes VALUES (479, 21, 24, '2025-01-05', 'entregue');
INSERT INTO locacoes VALUES (480, 12, 7, '2025-08-18', 'pendente');
INSERT INTO locacoes VALUES (481, 35, 29, '2025-02-17', 'entregue');
INSERT INTO locacoes VALUES (482, 34, 17, '2024-11-15', 'entregue');
INSERT INTO locacoes VALUES (483, 11, 9, '2025-03-03', 'entregue');
INSERT INTO locacoes VALUES (484, 19, 24, '2024-10-03', 'entregue');
INSERT INTO locacoes VALUES (485, 8, 15, '2025-04-02', 'pendente');
INSERT INTO locacoes VALUES (486, 10, 25, '2025-01-31', 'pendente');
INSERT INTO locacoes VALUES (487, 44, 24, '2025-01-10', 'cancelado');
INSERT INTO locacoes VALUES (488, 26, 28, '2024-09-21', 'cancelado');
INSERT INTO locacoes VALUES (489, 24, 3, '2025-08-19', 'entregue');
INSERT INTO locacoes VALUES (490, 1, 9, '2025-05-23', 'cancelado');
INSERT INTO locacoes VALUES (491, 8, 15, '2025-06-16', 'entregue');
INSERT INTO locacoes VALUES (492, 44, 24, '2025-05-01', 'cancelado');
INSERT INTO locacoes VALUES (493, 17, 19, '2025-07-19', 'entregue');
INSERT INTO locacoes VALUES (494, 41, 12, '2025-05-19', 'pendente');
INSERT INTO locacoes VALUES (495, 44, 8, '2025-04-29', 'entregue');
INSERT INTO locacoes VALUES (496, 2, 20, '2025-03-03', 'cancelado');
INSERT INTO locacoes VALUES (497, 21, 30, '2025-06-03', 'cancelado');
INSERT INTO locacoes VALUES (498, 15, 21, '2025-03-08', 'pendente');
INSERT INTO locacoes VALUES (499, 41, 27, '2025-09-20', 'entregue');
INSERT INTO locacoes VALUES (500, 45, 10, '2024-11-05', 'cancelado');
